id,name,url,name_match,redirected_to,http_status,page_title,flag
acmf-songwriting,ACMF National Songwriting Competition,https://acmf.com.au/national-songwriting-competition/,full,,200,National Songwriting Competition - ACMF,ok
agnpoty-junior,Australian Geographic Nature Photographer of the Year - Junior Category,https://www.naturephotographeroftheyear.com.au,partial,https://www.samuseum.sa.gov.au:443/c/npoty,200,Australian Geographic Nature Photographer of the Year | SA Museum,partial-match
amc,Australian Mathematics Competition (AMC),https://amt.edu.au/amc,full,,200,Australian Mathematics Competition  - Australian Maths Trust,ok
apsmo-olympiad,APSMO Maths Olympiad (Years 5-6),https://apsmo.edu.au/,partial,,200,Home - APSMO,partial-match
asme-young-composers,ASME Young Composers Awards (state-based),https://www.asme.edu.au/qld/young-composers/,partial,https://asme.edu.au/activity/young-composers-award-sa/,200,ASME SA Young Composers Award - ASME | Australian Society for Music Education,partial-match
aus-museum-ocean,Australian Museum Ocean Photography (Young Ocean Photographer),,miss,,,,no-url
banabae-artists,Banabae - We Are All Artists,https://banabae.com/blogs/on-the-blog/,miss,,HTTP Error 503: Service Unavailable,,fetch-failed
better-read-kids,Better Read Kids Writing Competition,https://www.betterreadkids.com/2026-writing-competition,partial,,200,2026 Writing Competition | Better Read Kids,partial-match
big-science,Big Science Competition (ASI),https://asi.edu.au/program/big-science-competition/,partial,,200,Big Science Competition | Australian Science Innovations | Australian Science Innovations,partial-match
boathouse-colouring,Boathouse Group Kids Colouring Competition,,miss,,,,no-url
book-links,Book Links Short Story Writing Competition,https://booklinks.org.au/childrens-short-story-competition-guidelines/,partial,,200,Children’s short story competition guidelines – Book Links QLD Inc,partial-match
bunnings-seasonal,Bunnings Spring/Seasonal Art Competitions,https://www.bunnings.com.au/services/in-store/diy-workshops,miss,,200,D.I.Y. Workshops And Activities  - Bunnings Australia,verify-url
camp-aus-big-art,Camp Australia Big Art Comp,https://campaustralia.com.au/big-art-comp/,partial,,200,Big Art Comp Details | Camp Australia,partial-match
cartoon-chef,Cartoon Chef Drawing Competition,https://cartoonchef.com.au/,partial,https://wordpress.com/typo/?subdomain=cartoonchef,200,WordPress.com,partial-match
cbca-wa-storybook,CBCA WA's Make Your Own Storybook Awards,https://wa.cbca.org.au/entry-information.html,partial,,200,Entry Information - CBCA WA BRANCH,partial-match
childrens-rights-qld,Children's Rights Queensland Art Competition,https://childrensrights.org.au/competitions/2025-child-rights-art-competition,partial,,200,2025 Child Rights Art Competition,partial-match
class-clowns,Class Clowns,https://classclowns.com.au/the-comp,full,,200,The Competition - Class Clowns,ok
cossack-children,Cossack Children's Art Awards,https://www.cossackartawards.com.au/childrens,partial,,200,Children's Art Awards — Cossack Art Awards,partial-match
crayola-acts,Crayola Creative Acts of Color (Open Call),https://www.crayola.com/news/blog/2025/06/26/crayola-launches-creative-acts-of-color-with-global-open-call,partial,,200,Crayola Launches Creative Acts of Color with Global Open Call,partial-match
crikey-magazine,Crikey! Magazine Photography Competition (Australia Zoo),https://australiazoo.com.au/photography-competition/,partial,,200,Crikey Magazine Photography Competition - Australia Zoo,partial-match
cya-hatchlings,CYA Conference Hatchlings Award,,miss,,,,no-url
dorothea-mackellar,Dorothea Mackellar Poetry Awards,https://dorothea.com.au/entry-information/,miss,,<urlopen error [SSL: TLSV1_ALERT_PROTOCOL_VERSION] tlsv1 alert protocol version (_ssl.c:1129)>,,fetch-failed
eckersleys-colouring,Eckersley's Kids Colouring Competition,https://www.eckersleys.com.au/competitions,partial,,200,Competitions | Eckersley's Art & Craft,partial-match
eckersleys-prize,Eckersley's Art & Craft Prize,https://www.eckersleys.com.au/eckersley-s-art-craft-prize,full,,200,Eckersley's Art & Craft Prize 2025 | Eckersley's Art & Craft,ok
ekka-junior,Royal Queensland Show (Ekka) - Junior Categories,https://www.ekka.com.au/,partial,,200,Ekka - Home,partial-match
embracing-differences,Embracing Our Differences,,miss,,,,no-url
faber-castell-cym,Faber-Castell Create Your Mark,https://createyourmark.com.au/,full,,200,CYM Competition,ok
festival-of-owls,International Festival of Owls Kids' Art Contest,https://www.festivalofowls.com/kids-art-contest.html,full,,200,Kids' Art Contest - INTERNATIONAL FESTIVAL OF OWLS,ok
first-lego,FIRST LEGO League (Australia),https://www.firstaustralia.org/first-lego-league,partial,,200,FIRST LEGO League | FIRST Australia,partial-match
flickerfest-flickerup,Flickerfest FlickerUp (Australian National Youth Competition),https://flickerfest.com.au/entries/,partial,,200,Flickerfest  |  Call for Entries 2026,partial-match
furphy-junior,Furphy Story Junior and Youth Competition,https://www.furphystory.com.au,partial,,200,Home - Furphy Story,partial-match
golden-pen,The Golden Pen (Scribblers Festival),https://www.scribblersfestival.com.au/golden-pen,partial,,200,The Golden Pen,partial-match
just-write-sa,Just Write - For Kids (SA Public Libraries),https://www.marion.sa.gov.au/venues-and-facilities/libraries/whats-on/just-write-for-kids,partial,,200,Just Write - for kids | City of Marion,partial-match
laura-literary,Laura Literary Awards (Prose & Poetry),https://rockyriverriters.club,partial,,200,Rocky River 'Riters – Creative Writers Group,partial-match
lime-tree-colouring,Lime Tree Kids Colouring Competition,,miss,,,,no-url
little-sydney-lives,Little Sydney Lives Photography Competition,https://www.cityofsydney.nsw.gov.au/opportunities/enter-little-sydney-lives-photography-competition,full,,200,Enter the Little Sydney Lives photography competition 2026 - City of Sydney,ok
matific-olympiad,Matific Maths Olympiad,https://www.matific.com/au/en-au/home/matific-olympiad/,full,,200,Worlds biggest online mathematics competition for primary school students,ok
micador-giveaways,Micador Brand Giveaways,https://micador.com.au/competitions,miss,,HTTP Error 404: Not Found,,fetch-failed
naidoc-schools,NAIDOC Poster Competition (Schools editions),https://www.naidoc.org.au,partial,,200,Home page | NAIDOC,partial-match
nspc,National Schools Poster Competition (NSPC),https://ssapostercomp.info/,partial,,200,SSA National Schools Poster Competition NSPC - Australia,partial-match
nsw-childrens-week,NSW Children's Week Art Competition,https://www.acyp.nsw.gov.au/get-involved/childrens-week-art-competition,partial,,200,NSW Children’s Week 2025 art competition,partial-match
nsw-spelling-bee,NSW Premier's Spelling Bee,https://artsunit.nsw.edu.au/program/nsw-premiers-spelling-bee,full,,200,NSW Premier's Spelling Bee | The Arts Unit,ok
nsw-writeon,NSW WriteOn Competition,https://www.nsw.gov.au/education-and-training/nesa/awards-and-events/writeon-competition,partial,,200,WriteOn competition | NSW Government,partial-match
nunga-kids,Nunga Kids Art Competition,https://cacyp.com.au/nungakidsartcompetition/,full,https://cacyp.com.au/our-work/nungakidsartcompetition/,200,Nunga Kids Art Competition - Commissioner for Aboriginal Children and Young People,ok
operation-art,Operation Art,https://artsunit.nsw.edu.au/program/operation-art,full,,200,Operation Art | The Arts Unit,ok
osic,Oz Schools Instrumental Championships (OSIC),https://www.osic.com.au/,full,,200,"Oz Schools Instrumental Championships (OSIC) | National music competition series for school-age piano, strings, drums and guitar students across Sydney, Brisbane, Perth, Adelaide and Melbourne.",ok
pentel-world-childrens,World Children's Picture Contest (Pentel),,miss,,,,no-url
pm-spelling-bee,Prime Minister's Spelling Bee,https://www.spelling-bee.com.au/,full,,200,Prime Minister's Spelling Bee,ok
premiers-reading,State Premier's Reading Challenges,https://online.education.nsw.gov.au/prc/home.html,partial,,200,NSW Premier's Reading Challenge 2026 : Home,partial-match
randolph-stow,Randolph Stow Young Writers Award,https://library.cgg.wa.gov.au/kids/randolph-stow-young-writers-awards.aspx,full,,200,Randolph Stow Young Writers Awards » City of Greater Geraldton Regional Library,ok
resourcesmart,ResourceSmart Schools - Sustainability Through Your Own Lens,https://www.sustainability.vic.gov.au/about-us/what-we-do/resourcesmart-schools/resourcesmart-schools-awards-and-competitions/sustainability-through-your-own-lens-photography-competition,partial,,200,"Sustainability Through Your Own Lens Photography Competition
                    |
                    Sustainability Victoria",partial-match
royal-adelaide-junior,"Royal Adelaide Show - Junior Art, Craft & Design",https://www.theshow.com.au/competitions/junior-art-craft-design,partial,,200,,partial-match
save-the-frogs,Save The Frogs! Art Contest,,miss,,,,no-url
shaun-tan-award,Shaun Tan Award for Young Artists,https://www.subiaco.wa.gov.au,miss,,200,City of Subiaco,verify-url
smiggle-christmas,Smiggle Christmas Card Competition,https://www.smiggle.com.au/shop/en/smiggle/competitions,partial,,200,Smiggle - Competitions,partial-match
spencil-art-prize,Spencil Art Prize,https://spencil.com.au/artprize/,full,,200,The Spencil Art Prize 2026,ok
spywa,South Perth Young Writers Award (SPYWA),https://southperth.wa.gov.au/community/libraries/about-our-libraries/south-perth-young-writers-award,full,,200,South Perth Young Writers Award,ok
staedtler-aoty,Staedtler Secondary School Artist of the Year,https://au.competitions.staedtler.com/,partial,,200,STAEDTLER Secondary School Artists of the Year Competition! | STAEDTLER Secondary School Artists of the Year Competition!,partial-match
staedtler-wkcd,Staedtler World Kids Colouring Day,https://www.staedtler.com/intl/en/company/about-staedtler/corporate-social-responsibility/world-kids-colouring-day/,partial,,200,World Kids Colouring Day | STAEDTLER,partial-match
sydney-easter-show,Sydney Royal Easter Show - Junior Arts & Crafts,https://www.rasnsw.com.au/competitions/arts-and-crafts/arts-and-crafts-details/,partial,https://www.rasnsw.com.au:443/competitions/arts-and-crafts/arts-and-crafts/?category=Arts%20and%20Crafts&pageSize=9,200,Royal Agricultural Society of NSW - Arts & Crafts,partial-match
think-science,Think Science! Competition (ANSTO),https://www.ansto.gov.au/education/primary-school/think-science-competition,partial,,200,Think Science! Competition 2026 | ANSTO,partial-match
vsff-junior,Very Short Film Festival - Junior Category (VSFF),https://veryshortfilmfestival.com.au/school-film-competition/,partial,,200,School Film Competition - Very Short Film Festival,partial-match
wakakirri,Wakakirri National Story-Dance Festival,https://www.wakakirri.com/,partial,,200,Get Involved in Wakakirri,partial-match
water-week,National Water Week Poster Competition,https://www.nationalwaterweek.com.au,full,,200,National Water Week Poster Competition,ok
what-matters,Whitlam Institute What Matters? Writing Competition,https://www.whitlam.org/what-matters,partial,,200,Whitlam Institute What Matters,partial-match
whitsunday-voices,Whitsunday Voices Short Story Competition,https://www.whitsundayvoices.com.au/short-story-competition-copy,partial,,200,Short Story Competition | Whitsunday Voices Youth Literature Festival,partial-match
wild-at-art,Wild At Art,https://www.acf.org.au/get-involved/wild-at-art-competition,full,,200,Wild At Art | Australian Conservation Foundation,ok
yicte,Young ICT Explorers (YICTE),https://www.youngictexplorers.net.au/,full,,200,Young ICT Explorers,ok
young-archie,Young Archie,https://www.artgallery.nsw.gov.au/art/prizes/young-archie/enter/,full,,200,Enter the Young Archie 2026 | Art Gallery of NSW,ok
