id,name,url,status,logo_filename,source,error
acmf-songwriting,ACMF National Songwriting Competition,https://acmf.com.au/national-songwriting-competition/,ok,acmf-songwriting.png,https://acmf.com.au/wp-content/uploads/2025/04/NSC-2025-Montage.png,
agnpoty-junior,Australian Geographic Nature Photographer of the Year - Junior Category,https://www.naturephotographeroftheyear.com.au,ok,agnpoty-junior.jpg,https://www.samuseum.sa.gov.au/img2/skbvigmz6?cx=0&cy=134&cw=1218&ch=636&w=400&h=209,
amc,Australian Mathematics Competition (AMC),https://amt.edu.au/amc,ok,amc.svg,https://amt.edu.au/wp-content/uploads/2021/01/AMC.svg,
apsmo-olympiad,APSMO Maths Olympiad (Years 5-6),https://apsmo.edu.au/,ok,apsmo-olympiad.png,https://apsmo.edu.au/wp-content/uploads/2021/10/top-box-logo-apsmo.png,
asme-young-composers,ASME Young Composers Awards (state-based),https://www.asme.edu.au/qld/young-composers/,ok,asme-young-composers.jpg,https://asme.edu.au/wp-content/uploads/2023/07/student-guitar.jpg,
aus-museum-ocean,Australian Museum Ocean Photography (Young Ocean Photographer),,skip,,,
banabae-artists,Banabae - We Are All Artists,https://banabae.com/blogs/on-the-blog/,fail,,,HTTP Error 503: Service Unavailable
better-read-kids,Better Read Kids Writing Competition,https://www.betterreadkids.com/2026-writing-competition,ok,better-read-kids.png,https://static.wixstatic.com/media/c44b87_9c32f492fe194d8ea348bac810cc4536%7Emv2.png/v1/fill/w_180%2Ch_180%2Clg_1%2Cusm_0.66_1.00_0.01/c44b87_9c32f492fe194d8ea348bac810cc4536%7Emv2.png,
big-science,Big Science Competition (ASI),https://asi.edu.au/program/big-science-competition/,ok,big-science.png,https://asi.edu.au/wp-content/uploads/2022/12/BSC-3-Website-Image-stock.png,
boathouse-colouring,Boathouse Group Kids Colouring Competition,,skip,,,
book-links,Book Links Short Story Writing Competition,https://booklinks.org.au/childrens-short-story-competition-guidelines/,ok,book-links.png,https://booklinks.org.au/wp-content/uploads/2020/09/cropped-favicon-bl-180x180.png,
bunnings-seasonal,Bunnings Spring/Seasonal Art Competitions,https://www.bunnings.com.au/services/in-store/diy-workshops,ok,bunnings-seasonal.jpg,https://media.bunnings.com.au/api/public/content/c0168643009d4b96997a96cb2043fd25?v=7b546a0f&t=w1200,
camp-aus-big-art,Camp Australia Big Art Comp,https://campaustralia.com.au/big-art-comp/,ok,camp-aus-big-art.png,https://campaustralia.com.au/wp-content/uploads/2026/04/Big-Art-Comp-T2-2026-Web_Icon-Title-1.png,
cartoon-chef,Cartoon Chef Drawing Competition,https://cartoonchef.com.au/,ok,cartoon-chef.png,https://s1.wp.com/i/webclip.png,
cbca-wa-storybook,CBCA WA's Make Your Own Storybook Awards,https://wa.cbca.org.au/entry-information.html,ok,cbca-wa-storybook.jpg,https://wa.cbca.org.au/uploads/1/3/3/6/133669281/myosba-2026-entry-front_orig.jpg,
childrens-rights-qld,Children's Rights Queensland Art Competition,https://childrensrights.org.au/competitions/2025-child-rights-art-competition,ok,childrens-rights-qld.jpg,https://childrensrights.org.au/hubfs/I%20Am%20Me/I%20AM%20ME%20(4).jpg,
class-clowns,Class Clowns,https://classclowns.com.au/the-comp,ok,class-clowns.png,https://classclowns.com.au/build/images/share_2022.png,
cossack-children,Cossack Children's Art Awards,https://www.cossackartawards.com.au/childrens,ok,cossack-children.jpg,http://static1.squarespace.com/static/6513a96f52c10f530d8e5c72/t/69420dbe2be4df26e4e026f4/1765936574212/CAA2026+-+FB+Cover+Photo-02-02.jpg?format=1500w,
crayola-acts,Crayola Creative Acts of Color (Open Call),https://www.crayola.com/news/blog/2025/06/26/crayola-launches-creative-acts-of-color-with-global-open-call,ok,crayola-acts.ico,https://www.crayola.com/img/favicon.ico,
crikey-magazine,Crikey! Magazine Photography Competition (Australia Zoo),https://australiazoo.com.au/photography-competition/,ok,crikey-magazine.png,https://azwp-az-prod-1-ap-southeast-2.s3.amazonaws.com/uploads/2024/08/cropped-AZ_FAVICON_512x512-180x180.png,
cya-hatchlings,CYA Conference Hatchlings Award,,skip,,,
dorothea-mackellar,Dorothea Mackellar Poetry Awards,https://dorothea.com.au/entry-information/,fail,,,<urlopen error [SSL: TLSV1_ALERT_PROTOCOL_VERSION] tlsv1 alert protocol version (_ssl.c:1129)>
eckersleys-colouring,Eckersley's Kids Colouring Competition,https://www.eckersleys.com.au/competitions,ok,eckersleys-colouring.png,https://www.eckersleys.com.au/media/favicon/stores/2/eckersley_s-favicon.png,
eckersleys-prize,Eckersley's Art & Craft Prize,https://www.eckersleys.com.au/eckersley-s-art-craft-prize,ok,eckersleys-prize.png,https://www.eckersleys.com.au/media/favicon/stores/2/eckersley_s-favicon.png,
ekka-junior,Royal Queensland Show (Ekka) - Junior Categories,https://www.ekka.com.au/,ok,ekka-junior.ico,https://www.ekka.com.au/favicon.ico,
embracing-differences,Embracing Our Differences,,skip,,,
faber-castell-cym,Faber-Castell Create Your Mark,https://createyourmark.com.au/,ok,faber-castell-cym.gif,https://createyourmark.com.au/wp-content/uploads/2022/09/cropped-faber-castell-tab-icon-180x180.gif,
festival-of-owls,International Festival of Owls Kids' Art Contest,https://www.festivalofowls.com/kids-art-contest.html,ok,festival-of-owls.jpg,https://www.festivalofowls.com/uploads/1/0/3/1/103197186/0-5-1stplace-autszsan-age3-hongkong.jpg,
first-lego,FIRST LEGO League (Australia),https://www.firstaustralia.org/first-lego-league,ok,first-lego.png,https://static.wixstatic.com/media/6bae7b_ae0dc6718b3248c1a241876841285d87%7Emv2.png/v1/fill/w_180%2Ch_180%2Clg_1%2Cusm_0.66_1.00_0.01/6bae7b_ae0dc6718b3248c1a241876841285d87%7Emv2.png,
flickerfest-flickerup,Flickerfest FlickerUp (Australian National Youth Competition),https://flickerfest.com.au/entries/,ok,flickerfest-flickerup.png,https://flickerfest.com.au/wp-content/themes/flickerfest_com_au/img/icons/apple-touch-icon-152x152-precomposed.png,
furphy-junior,Furphy Story Junior and Youth Competition,https://www.furphystory.com.au,ok,furphy-junior.ico,https://www.furphystory.com.au/wp-content/uploads/2024/06/Furphy-Favicon.ico,
golden-pen,The Golden Pen (Scribblers Festival),https://www.scribblersfestival.com.au/golden-pen,ok,golden-pen.jpg,https://cdn.prod.website-files.com/5f928a6a013f5e35c39b62bb/61823ed1105418bd3a15ea86_subpage1500x798px_4.jpg,
just-write-sa,Just Write - For Kids (SA Public Libraries),https://www.marion.sa.gov.au/venues-and-facilities/libraries/whats-on/just-write-for-kids,ok,just-write-sa.png,https://www.marion.sa.gov.au/assets/sp/_1200x630_crop_center-center_82_none/Just-Write-WebPage-Header.png?v=1778039635,
laura-literary,Laura Literary Awards (Prose & Poetry),https://rockyriverriters.club,ok,laura-literary.jpg,https://rockyriverriters.club/wp-content/uploads/2015/08/rockyriver1.jpg,
lime-tree-colouring,Lime Tree Kids Colouring Competition,,skip,,,
little-sydney-lives,Little Sydney Lives Photography Competition,https://www.cityofsydney.nsw.gov.au/opportunities/enter-little-sydney-lives-photography-competition,ok,little-sydney-lives.jpg,https://www.cityofsydney.nsw.gov.au/-/media/corporate/images/projects/opportunities/enter-little-sydney-lives-competition/enter-little-sydney-lives-listing.jpg?h=1417&iar=0&w=2048&hash=B8FCC648742BB62AE9C4721A13F97ACC,
matific-olympiad,Matific Maths Olympiad,https://www.matific.com/au/en-au/home/matific-olympiad/,ok,matific-olympiad.png,https://www.matific.com/home/resources/media/images-2/site-preview.png,
micador-giveaways,Micador Brand Giveaways,https://micador.com.au/competitions,fail,,,HTTP Error 404: Not Found
naidoc-schools,NAIDOC Poster Competition (Schools editions),https://www.naidoc.org.au,ok,naidoc-schools.ico,https://www.naidoc.org.au/themes/custom/naidoc/favicon.ico,
nspc,National Schools Poster Competition (NSPC),https://ssapostercomp.info/,ok,nspc.png,https://ssapostercomp.info/apple-touch-icon.png,
nsw-childrens-week,NSW Children's Week Art Competition,https://www.acyp.nsw.gov.au/get-involved/childrens-week-art-competition,ok,nsw-childrens-week.png,https://www.acyp.nsw.gov.au/hubfs/Childrens%20Week%202025%20Art%20Competition%20home%20page%20tile-01.png,
nsw-spelling-bee,NSW Premier's Spelling Bee,https://artsunit.nsw.edu.au/program/nsw-premiers-spelling-bee,ok,nsw-spelling-bee.jpg,https://artsunit.nsw.edu.au/sites/default/files/styles/max_650x650/public/2026-02/2026%20PSB%20poster%20-%20Bee%20on%20a%20flower%2016x9.jpg?itok=d34vs6WH,
nsw-writeon,NSW WriteOn Competition,https://www.nsw.gov.au/education-and-training/nesa/awards-and-events/writeon-competition,ok,nsw-writeon.jpg,https://www.nsw.gov.au/themes/custom/dcs_theme/images/NSW-Government-official-logo.jpg,
nunga-kids,Nunga Kids Art Competition,https://cacyp.com.au/nungakidsartcompetition/,ok,nunga-kids.png,https://cacyp.com.au/wp-content/uploads/2025/09/CACYP_Logo.png,
operation-art,Operation Art,https://artsunit.nsw.edu.au/program/operation-art,ok,operation-art.jpg,https://artsunit.nsw.edu.au/sites/default/files/styles/max_650x650/public/2023-08/CHW%20BANDAGED%20BEAR_CMYK_16x9.jpg?itok=Y5mDVc8N,
osic,Oz Schools Instrumental Championships (OSIC),https://www.osic.com.au/,ok,osic.png,"https://static.wixstatic.com/media/274d5f_30d54cdf79004f8686fcb957a31af86e%7Emv2.png/v1/fit/w_2500,h_1330,al_c/274d5f_30d54cdf79004f8686fcb957a31af86e%7Emv2.png",
pentel-world-childrens,World Children's Picture Contest (Pentel),,skip,,,
pm-spelling-bee,Prime Minister's Spelling Bee,https://www.spelling-bee.com.au/,ok,pm-spelling-bee.png,https://www.spelling-bee.com.au/wp-content/uploads/2022/06/cropped-bee5-2.png?w=180,
premiers-reading,State Premier's Reading Challenges,https://online.education.nsw.gov.au/prc/home.html,fail,,,no logo candidate succeeded
randolph-stow,Randolph Stow Young Writers Award,https://library.cgg.wa.gov.au/kids/randolph-stow-young-writers-awards.aspx,ok,randolph-stow.png,https://library.cgg.wa.gov.au/profiles/library/includes/images/favicons/apple-touch-icon-180x180.png,
resourcesmart,ResourceSmart Schools - Sustainability Through Your Own Lens,https://www.sustainability.vic.gov.au/about-us/what-we-do/resourcesmart-schools/resourcesmart-schools-awards-and-competitions/sustainability-through-your-own-lens-photography-competition,ok,resourcesmart.jpg,https://assets.sustainability.vic.gov.au/susvic/Photo-RSS-2023-photo-competition.jpg,
royal-adelaide-junior,"Royal Adelaide Show - Junior Art, Craft & Design",https://www.theshow.com.au/competitions/junior-art-craft-design,ok,royal-adelaide-junior.ico,https://www.theshow.com.au/favicon.ico,
save-the-frogs,Save The Frogs! Art Contest,,skip,,,
shaun-tan-award,Shaun Tan Award for Young Artists,https://www.subiaco.wa.gov.au,ok,shaun-tan-award.png,https://www.subiaco.wa.gov.au/assets/static/images/icons/apple-touch-icon.png,
smiggle-christmas,Smiggle Christmas Card Competition,https://www.smiggle.com.au/shop/en/smiggle/competitions,ok,smiggle-christmas.jpg,https://www.smiggle.com.au/wcsstore/SmiggleAuroraStorefrontAssetStore/images/touch-icon-60px.png,
spencil-art-prize,Spencil Art Prize,https://spencil.com.au/artprize/,ok,spencil-art-prize.ico,https://spencil.com.au/favicon.ico,
spywa,South Perth Young Writers Award (SPYWA),https://southperth.wa.gov.au/community/libraries/about-our-libraries/south-perth-young-writers-award,ok,spywa.jpg,https://southperth.wa.gov.au/images/default-source/community/libraries/2026_spywa_870x580.jpg?sfvrsn=d2c1b0bd_0,
staedtler-aoty,Staedtler Secondary School Artist of the Year,https://au.competitions.staedtler.com/,ok,staedtler-aoty.png,https://au.competitions.staedtler.com/wp-content/uploads/2023/05/favicon.png,
staedtler-wkcd,Staedtler World Kids Colouring Day,https://www.staedtler.com/intl/en/company/about-staedtler/corporate-social-responsibility/world-kids-colouring-day/,ok,staedtler-wkcd.png,https://e.staedtlercdn.com/images/eU2BDx-oErmOcmXanZ1mmCiS7q9ZyWgh0Lzln0SuCMY/w:512/h:269/fn:Y3NtX29nLWltYWdlXzJjYTVlYmJkYTk:t/cb:e88d3fa76a291e9dc2aef86459dcdb3e5aa1917f/el:1/fq:jpeg:85:avif:70:webp:80/aHR0cHM6Ly9lLnN0YWVkdGxlcmNkbi5jb20vZmlsZWFkbWluL3N0YWVkdGxlci5jb20vaW50bC9vZy1pbWFnZS5wbmc_MTc3MDAyNjgzNQ,
sydney-easter-show,Sydney Royal Easter Show - Junior Arts & Crafts,https://www.rasnsw.com.au/competitions/arts-and-crafts/arts-and-crafts-details/,ok,sydney-easter-show.png,https://www.rasnsw.com.au:443/static/ras-site/images/icons/favicon-16.png,
think-science,Think Science! Competition (ANSTO),https://www.ansto.gov.au/education/primary-school/think-science-competition,ok,think-science.jpg,https://www.ansto.gov.au/sites/default/files/styles/hero_image/public/hero-images/Think-Science-Banner-3.jpg?h=f3678b68&itok=RSK1dvPp,
vsff-junior,Very Short Film Festival - Junior Category (VSFF),https://veryshortfilmfestival.com.au/school-film-competition/,ok,vsff-junior.jpg,https://veryshortfilmfestival.com.au/wp-content/uploads/2023/11/VSFF_2023_0414-scaled-1.jpg,
wakakirri,Wakakirri National Story-Dance Festival,https://www.wakakirri.com/,ok,wakakirri.png,https://static.wixstatic.com/media/ff5ae7_c453b2ee55c54357a69b9568b977dc43%7Emv2.png/v1/fill/w_180%2Ch_180%2Clg_1%2Cusm_0.66_1.00_0.01/ff5ae7_c453b2ee55c54357a69b9568b977dc43%7Emv2.png,
water-week,National Water Week Poster Competition,https://www.nationalwaterweek.com.au,ok,water-week.png,https://www.nationalwaterweek.com.au/assets/images/favicon.png,
what-matters,Whitlam Institute What Matters? Writing Competition,https://www.whitlam.org/what-matters,ok,what-matters.jpg,http://static1.squarespace.com/static/58e4509d9de4bbecc7737be3/t/6203294448707250bd3c8e3c/1644374340220/A3%2BPoster%2BThumbnail.jpg?format=1500w,
whitsunday-voices,Whitsunday Voices Short Story Competition,https://www.whitsundayvoices.com.au/short-story-competition-copy,ok,whitsunday-voices.webp,https://images.squarespace-cdn.com/content/v1/5f0d10eaf843c777708ea404/1594692928515-ZJN3147DWT2TL6P5DJPP/favicon.ico?format=100w,
wild-at-art,Wild At Art,https://www.acf.org.au/get-involved/wild-at-art-competition,ok,wild-at-art.png,https://cdn.craft.cloud/135d91ac-0444-4b9d-aa28-7777f1f09969/assets/images/Open-graph.png?fit=cover&gravity%5Bx%5D=0.5667&gravity%5By%5D=0.4923&height=630&width=1200&s=ZYra9BaBr1pFGIDGV-T6yY4NMuN1fxI4Iy3InoDQLZI,
yicte,Young ICT Explorers (YICTE),https://www.youngictexplorers.net.au/,ok,yicte.png,https://www.youngictexplorers.net.au/wp-content/uploads/2014/05/favicon.png,
young-archie,Young Archie,https://www.artgallery.nsw.gov.au/art/prizes/young-archie/enter/,ok,young-archie.ico,https://www.artgallery.nsw.gov.au/favicon.ico,
